ProductName,Brand,Color,Price,ArticleID
Jeans 'Glenn Original AM 814 Noos',JACK & JONES,blue denim,"39,90",JAC1944001000001
Shirt 'SPORTSWEARLOGOGRAPH IC84SPORTSWEARL',LEVI'S,blau / rot / wei?,"24,95",LEV0086001000006
Shirt 'LS T',ADIDAS ORIGINALS,schwarz / wei?,"34,90",926667269
Sweatshirt 'Crewneck',Champion Authentic Athletic Apparel,navy / wei?,"49,90",CHP0323001000001
Shirt 'Club Tee',Nike Sportswear,schwarz,"19,90",NIS0755001000006
T-Shirt,LEVI'S,schwarz,"24,90",LEV0013003005001
Sweatshirt 'Diese N?sse',naketano,rauchgrau,"34,90",NAK1275020000001
Sweatshirt 'Club' Workpant 'WE872' Workpant 'WE872',Nike Sportswear,schwarz,"49,90",NIS1124001000003
Anzug,BRUNO BANANI,schwarz,"119,99",925879428
Jacke,Tommy Jeans,dunkelblau,"199,90",HID2571002000001
Cargohose 'August',INDICODE JEANS,schwarz,"49,95",1031638155
Hemd 'STRETCH OXFORD SHIRT',Dockers,wei?,"59,90",DOC0008001000001
Pullover 'onsSATO MULTI CLR KNIT NOOS',Only & Sons,dunkelgr?n,"29,90",ONS0335009000001
Hose 'NOOS - JJIMARCO JJBOWIE SA NAVY BLAZER NOOS',JACK & JONES,navy,"39,90",JAC1674001000002
Mantel 'S.C. Downtown',STRELLSON,braun / khaki,"379,00",STN0111001000001
Hose 'onsMARK PANT STRIPE GW 3727 NOOS' T-Shirt 'onsMATT LONGY TEE' T-Shirt 'onsMATT LONGY TEE',Only & Sons,grau,"39,90",ONS1181002000001
Jeans 'Glenn Original AM 814 Noos',JACK & JONES,blue denim,"39,90",JAC1944001000001
Jeans 'Iglenn',JACK & JONES,black denim,"39,90",JAC1941001000001
Jeans 'Glenn Original Am 816',JACK & JONES,black denim,"39,90",JAC1943001000001
Jeans 'Glenn Original AM 815',JACK & JONES,blue denim,"39,90",JAC1942001000001
Shirt 'SPORTSWEARLOGOGRAPH IC84SPORTSWEARL',LEVI'S,blau / rot / wei?,"24,95",LEV0086001000006
Shirt,LEVI'S,blau / graumeliert / rot,"24,95",LEV0086002000006
Shirt Hemd Hemd,LEVI'S,hellblau,"24,90",LEV0086006000001
Shirt 'LS T',ADIDAS ORIGINALS,schwarz / wei?,"34,90",926667269
Shirt 'LS T',ADIDAS ORIGINALS,dunkelgr?n / wei?,"34,99",830908836
Shirt,ADIDAS ORIGINALS,schwarz / wei?,"34,90",ED5959-330
Shirt,ADIDAS ORIGINALS,navy,"34,90",813140856
Sweatshirt 'Crewneck',Champion Authentic Athletic Apparel,navy / wei?,"49,90",CHP0323001000001
Sweatshirt,Champion Authentic Athletic Apparel,dunkelblau / offwhite,"49,90",CHP0323011000002
Sweatshirt,Champion Authentic Athletic Apparel,khaki / schwarz,"49,99",CHP0323003000001
Sweatshirt Sneaker 'Authentic' Sneaker 'Authentic',Champion Authentic Athletic Apparel,petrol / wei?,"49,90",CHP0323007000001
Sweatshirt,Champion Authentic Athletic Apparel,graumeliert / wei?,"49,90",CHP0323009000002
Sweatshirt Jeans 'Hatch' Jeans 'Hatch',Champion Authentic Athletic Apparel,schwarz,"49,90",CHP0323004000001
Sweatshirt Sweathose 'VARISTY FLEECE TRACK PANT' Sweathose 'VARISTY FLEECE TRACK PANT',Champion Authentic Athletic Apparel,orangerot,"49,90",CHP0323010000001
Sweatshirt Sneaker 'Authentic' Sneaker 'Authentic',Champion Authentic Athletic Apparel,blau / wei?,"49,90",CHP0323006000001
Sweatshirt,Champion Authentic Athletic Apparel,tanne / wei?,"49,90",CHP0323008000003
Sweatshirt,Champion Authentic Athletic Apparel,navy / graumeliert,ab,CHP0323002000002
Sweatshirt,Champion Authentic Athletic Apparel,gelb,"49,90",CHP0323005000001
Sweatshirt,Champion Authentic Athletic Apparel,dunkelrot / schwarz,"49,99",813210103
Shirt 'Club Tee',Nike Sportswear,schwarz,"19,90",NIS0755001000006
Shirt 'Club',Nike Sportswear,wei?,"19,90",NIS0755004000006
Shirt 'Club Tee' Jacke Jacke,Nike Sportswear,navy / wei?,"19,90",NIS0755006000001
T-Shirt Jogginghose Jogginghose,Nike Sportswear,oliv / wei?,"19,90",NIS0755005000004
T-Shirt,LEVI'S,schwarz,"24,90",LEV0013003005001
T-shirt 'Housemark Graphic Tee',LEVI'S,wei?,"24,95",LEV0014029000002
T-Shirt 'HOUSEMARK',LEVI'S,wei?,"24,90",LEV0014032000002
T-shirt 'HOUSEMARK GRAPHIC TEE' Jeans 'Hi-Ball Roll' Jeans 'Hi-Ball Roll',LEVI'S,ot,"24,90",LEV0014033000003
T-shirt 'Housemark Graphic Tee',LEVI'S,dunkelblau,"24,90",LEV0014030000001
T-shirt 'HOUSEMARK GRAPHIC',LEVI'S,schwarz,"24,90",LEV0014031000003
T-Shirt 'HOUSEMARK',LEVI'S,hellblau / wei?,"24,95",LEV0014020000005
T-Shirt,LEVI'S,rot / wei?,"24,95",LEV0013005000003
T-Shirt,LEVI'S,dunkelblau,"24,90",LEV0013004000006
T-Shirt,LEVI'S,wei?,"24,90",LEV0013002006000
T-Shirt,LEVI'S,grau,"24,90",LEV0013001006001
Sweatshirt 'Diese N?sse',naketano,rauchgrau,"34,90",NAK1275020000001
Sweatshirt 'Diese N?sse',naketano,,"34,90",NAK1275017000001
Sweatshirt 'Diese N?sse',naketano,beige,"34,90",NAK1275029000001
Sweatshirt 'Diese N?sse',naketano,grau,"34,90",NAK1275028000001
Sweatshirt 'Diese N?sse',naketano,dunkelblau,"44,90",NAK1275016000001
Sweatshirt 'Diese N?sse',naketano,khaki,"34,90",NAK1275023000001
Sweatshirt 'Diese N?sse',naketano,hellblau,"34,90",NAK1275024000001
Sweatshirt 'Diese N?sse',naketano,beige,"34,90",NAK1275027000001
Sweatshirt 'Diese N?sse',naketano,,"34,90",NAK1275026000001
Sweatshirt 'Diese N?sse',naketano,braunmeliert,"34,90",NAK1275012000001
Sweatshirt 'Diese N?sse',naketano,taubenblau,"44,90",NAK1275013000002
Sweatshirt 'Diese N?sse',naketano,hellgr?n,"44,90",NAK1275014000001
Sweatshirt 'Diese N?sse',naketano,champagner,"34,90",NAK1275015000001
Sweatshirt 'Diese N?sse',naketano,pastellgr?n,"34,90",NAK1275019000001
Sweatshirt 'Diese N?sse',naketano,hellgrau,"34,90",NAK1275018000001
Sweatshirt 'Diese N?sse',naketano,rauchblau,"34,90",NAK1275009000001
Sweatshirt 'Diese N?sse',naketano,aqua,"34,90",NAK1275022000001
Sweatshirt 'Diese N?sse',naketano,grau,"34,90",NAK1275011000001
Sweatshirt 'Diese N?sse',naketano,hellblau,"44,90",NAK1275021000001
Sweatshirt 'Diese N?sse',naketano,braun,"34,90",NAK1275008000001
Sweatshirt 'Diese N?sse',naketano,gr?nmeliert,"39,90",NAK1275003000001
Sweatshirt 'Diese N?sse',naketano,,"39,90",NAK1275005000001
Sweatshirt 'Club' Workpant 'WE872' Workpant 'WE872',Nike Sportswear,schwarz,"49,90",NIS1124001000003
Sweatshirt 'Club' Hose 'M NSW SWOOSH PANT BB' Hose 'M NSW SWOOSH PANT BB',Nike Sportswear,petrol,"49,90",NIS1124010000001
Sweatshirt 'Club' High Top Sneaker 'SK8-HI' High Top Sneaker 'SK8-HI',Nike Sportswear,rostrot,"49,90",NIS1124011000001
Sweatshirt 'Club' Jeans 'Anbass' Jeans 'Anbass',Nike Sportswear,ot,"49,90",NIS1124009000001
Sweatshirt 'Club',Nike Sportswear,rot,"49,90",NIS1124008000004
Sweatshirt 'Club' Sneaker 'Air Max 270 Futura' Sneaker 'Air Max 270 Futura',Nike Sportswear,dunkelblau,"49,90",NIS1124006000003
Sweatshirt 'CLUB',Nike Sportswear,dunkelgr?n,"49,90",NIS1124005000003
Sweatshirt 'Club',Nike Sportswear,wei?,"49,90",NIS1124004000006
Sweatshirt 'CLUB' Workpant 'WE872' Workpant 'WE872',Nike Sportswear,naturwei?,"49,90",NIS1124003000002
Sweatshirt 'Club' Hose 'AIR' Hose 'AIR',Nike Sportswear,grau,"49,90",NIS1124002000003
Workpant 'WE872',DICKIES,beige,"54,90",DIC0072004000003
Anzug,BRUNO BANANI,schwarz,"119,99",925879428
Jacke,Tommy Jeans,dunkelblau,"199,90",HID2571002000001
Winterjacke,Tommy Jeans,wei?,"199,00",HID2571007000005
Jacke ' ESSENTIAL DOWN JACKET',Tommy Jeans,burgunder,"199,00",HID2571005000001
Jacke 'TJM ESSENTIAL DOWN JACKET',Tommy Jeans,dunkelgr?n,"199,00",HID2571003000001
Jacke 'TJM ESSENTIAL DOWN JACKET',Tommy Jeans,gelb,"203,90",338015002
Jacke High Top Sneaker 'SK8-HI' High Top Sneaker 'SK8-HI',Tommy Jeans,schwarz,"199,00",HID2571001000001
Jacke,Tommy Jeans,taupe,"199,00",HID2571004000001
Daunenjacke 'ESSENTIAL',Tommy Jeans,rot,"199,90",HID2571006000001
Cargohose 'August',INDICODE JEANS,schwarz,"49,95",1031638155
Cargohose 'August',INDICODE JEANS,sand,"49,95",1031638130
Cargohose 'August',INDICODE JEANS,khaki / oliv,"49,95",1031638153
Cargohose 'August',INDICODE JEANS,grey denim,"49,95",1031638145
Cargohose 'August',INDICODE JEANS,grau,"49,95",1031638140
Cargohose 'August',INDICODE JEANS,khaki,"49,95",1031638135
Hemd 'STRETCH OXFORD SHIRT',Dockers,wei?,"59,90",DOC0008001000001
Hemd,Dockers,blau,"69,90",DOC0008003000001
Hemd 'OXFORD',Dockers,blau / wei?,"69,90",DOC0008002000001
Pullover 'onsSATO MULTI CLR KNIT NOOS',Only & Sons,dunkelgr?n,"29,90",ONS0335009000001
Pullover 'SATO' Sneaker 'Authentic' Sneaker 'Authentic',Only & Sons,grau,"29,90",ONS0335016000002
Pullover 'onsSATO MULTI CLR KNIT NOOS',Only & Sons,navy,"29,90",ONS0335015000002
Pullover 'onsSATO MULTI CLR KNIT NOOS',Only & Sons,schwarz / wei?,"29,90",ONS0335014000001
Pullover Jeans 'Lean Dean' Jeans 'Lean Dean',Only & Sons,hellblau / dunkelblau,"29,99",ONS0335013000001
Pullover 'onsSATO MULTI CLR KNIT NOOS',Only & Sons,orangerot / schwarz,"29,90",ONS0335012000001
Pullover 'onsSATO MULTI CLR KNIT NOOS',Only & Sons,dunkelbraun / senf,"26,90",ONS0335010000001
Pullover,Only & Sons,anthrazit / dunkelgrau,"29,90",ONS0335007000001
Pullover 'onsSATO MULTI CLR KNIT NOOS',Only & Sons,grau / hellgrau,"29,90",ONS0335008000001
Hose 'NOOS - JJIMARCO JJBOWIE SA NAVY BLAZER NOOS',JACK & JONES,navy,"39,90",JAC1674001000002
Hose 'MARCO BOWIE SA BEIGE NOOS',JACK & JONES,hellbeige,"39,90",JAC1676001000001
Hose 'MARCO BOWIE',JACK & JONES,oliv,"39,90",JAC1675001000002
Hose 'MARCO',JACK & JONES,schwarz,"39,90",JAC1673001000001
Mantel 'S.C. Downtown',STRELLSON,braun / khaki,"379,00",STN0111001000001
Hose 'onsMARK PANT STRIPE GW 3727 NOOS' T-Shirt 'onsMATT LONGY TEE' T-Shirt 'onsMATT LONGY TEE',Only & Sons,grau,"39,90",ONS1181002000001
Hose 'onsMARK PANT STRIPE GW 3727 NOOS' Hemd 'jjprPARMA SHIRT L/S NOOS' Hemd 'jjprPARMA SHIRT L/S NOOS',Only & Sons,schwarz,"39,90",ONS1181001000002
T-Shirt 'onsMATT LONGY TEE',Only & Sons,schwarz,"14,90",ONS0284001000005
